"full_name","email"
"Abney, Rafael","rafael.abney@sakilacustomer.org"
"Adam, Nathaniel","nathaniel.adam@sakilacustomer.org"
"Adams, Kathleen","kathleen.adams@sakilacustomer.org"
"Alexander, Diana","diana.alexander@sakilacustomer.org"
"Allard, Gordon","gordon.allard@sakilacustomer.org"
"Allen, Shirley","shirley.allen@sakilacustomer.org"
"Alvarez, Charlene","charlene.alvarez@sakilacustomer.org"
"Anderson, Lisa","lisa.anderson@sakilacustomer.org"
"Andrew, Jose","jose.andrew@sakilacustomer.org"
"Andrews, Ida","ida.andrews@sakilacustomer.org"
"Aquino, Oscar","oscar.aquino@sakilacustomer.org"
"Arce, Harry","harry.arce@sakilacustomer.org"
"Archuleta, Jordan","jordan.archuleta@sakilacustomer.org"
"Armstrong, Melanie","melanie.armstrong@sakilacustomer.org"
"Arnold, Beatrice","beatrice.arnold@sakilacustomer.org"
"Arsenault, Kent","kent.arsenault@sakilacustomer.org"
"Artis, Carl","carl.artis@sakilacustomer.org"
"Ashcraft, Darryl","darryl.ashcraft@sakilacustomer.org"
"Asher, Tyrone","tyrone.asher@sakilacustomer.org"
"Austin, Alma","alma.austin@sakilacustomer.org"
"Bailey, Mildred","mildred.bailey@sakilacustomer.org"
"Baker, Pamela","pamela.baker@sakilacustomer.org"
"Bales, Martin","martin.bales@sakilacustomer.org"
"Banda, Everett","everett.banda@sakilacustomer.org"
"Banks, Jessie","jessie.banks@sakilacustomer.org"
"Barbee, Clayton","clayton.barbee@sakilacustomer.org"
"Barclay, Angel","angel.barclay@sakilacustomer.org"
"Barfield, Nicholas","nicholas.barfield@sakilacustomer.org"
"Barkley, Victor","victor.barkley@sakilacustomer.org"
"Barnes, Rachel","rachel.barnes@sakilacustomer.org"
"Barnett, Carole","carole.barnett@sakilacustomer.org"
"Barrett, Tracey","tracey.barrett@sakilacustomer.org"
"Bates, Daisy","daisy.bates@sakilacustomer.org"
"Baugh, Edward","edward.baugh@sakilacustomer.org"
"Baughman, Robert","robert.baughman@sakilacustomer.org"
"Bell, Jean","jean.bell@sakilacustomer.org"
"Benner, Chester","chester.benner@sakilacustomer.org"
"Bennett, Jane","jane.bennett@sakilacustomer.org"
"Berry, Regina","regina.berry@sakilacustomer.org"
"Bess, Charlie","charlie.bess@sakilacustomer.org"
"Betancourt, Miguel","miguel.betancourt@sakilacustomer.org"
"Billingsley, Henry","henry.billingsley@sakilacustomer.org"
"Bishop, Agnes","agnes.bishop@sakilacustomer.org"
"Black, Valerie","valerie.black@sakilacustomer.org"
"Blakely, Derek","derek.blakely@sakilacustomer.org"
"Bolin, Mathew","mathew.bolin@sakilacustomer.org"
"Bone, Don","don.bone@sakilacustomer.org"
"Bostic, Leon","leon.bostic@sakilacustomer.org"
"Boudreau, Bobby","bobby.boudreau@sakilacustomer.org"
"Bourque, Derrick","derrick.bourque@sakilacustomer.org"
"Bowens, Clifford","clifford.bowens@sakilacustomer.org"
"Bowman, Caroline","caroline.bowman@sakilacustomer.org"
"Box, Byron","byron.box@sakilacustomer.org"
"Boyd, Emma","emma.boyd@sakilacustomer.org"
"Bradley, Ana","ana.bradley@sakilacustomer.org"
"Breaux, Ted","ted.breaux@sakilacustomer.org"
"Brewer, Vickie","vickie.brewer@sakilacustomer.org"
"Brinson, Russell","russell.brinson@sakilacustomer.org"
"Brooks, Beverly","beverly.brooks@sakilacustomer.org"
"Brothers, Chris","chris.brothers@sakilacustomer.org"
"Brown, Elizabeth","elizabeth.brown@sakilacustomer.org"
"Brownlee, Guy","guy.brownlee@sakilacustomer.org"
"Bryant, Paula","paula.bryant@sakilacustomer.org"
"Buford, Clinton","clinton.buford@sakilacustomer.org"
"Bull, Wesley","wesley.bull@sakilacustomer.org"
"Bunn, Timothy","timothy.bunn@sakilacustomer.org"
"Burk, Edwin","edwin.burk@sakilacustomer.org"
"Burke, Lydia","lydia.burke@sakilacustomer.org"
"Burleson, Sidney","sidney.burleson@sakilacustomer.org"
"Burns, April","april.burns@sakilacustomer.org"
"Burton, Colleen","colleen.burton@sakilacustomer.org"
"Bustamante, Leroy","leroy.bustamante@sakilacustomer.org"
"Butler, Lois","lois.butler@sakilacustomer.org"
"Butterfield, Allen","allen.butterfield@sakilacustomer.org"
"Byrd, Deanna","deanna.byrd@sakilacustomer.org"
"Cabral, Daniel","daniel.cabral@sakilacustomer.org"
"Caldwell, Kay","kay.caldwell@sakilacustomer.org"
"Campbell, Catherine","catherine.campbell@sakilacustomer.org"
"Carbone, Chad","chad.carbone@sakilacustomer.org"
"Carlson, Terry","terry.carlson@sakilacustomer.org"
"Carpenter, Loretta","loretta.carpenter@sakilacustomer.org"
"Carr, Eileen","eileen.carr@sakilacustomer.org"
"Carranza, Tony","tony.carranza@sakilacustomer.org"
"Carroll, June","june.carroll@sakilacustomer.org"
"Carter, Amanda","amanda.carter@sakilacustomer.org"
"Cary, Tim","tim.cary@sakilacustomer.org"
"Casillas, Alfred","alfred.casillas@sakilacustomer.org"
"Castillo, Gertrude","gertrude.castillo@sakilacustomer.org"
"Castro, Jenny","jenny.castro@sakilacustomer.org"
"Causey, Philip","philip.causey@sakilacustomer.org"
"Chambers, Kristina","kristina.chambers@sakilacustomer.org"
"Chapa, Vernon","vernon.chapa@sakilacustomer.org"
"Chapman, Tonya","tonya.chapman@sakilacustomer.org"
"Chavez, Kristen","kristen.chavez@sakilacustomer.org"
"Cheatham, Mario","mario.cheatham@sakilacustomer.org"
"Chestnut, Pedro","pedro.chestnut@sakilacustomer.org"
"Chisholm, Johnnie","johnnie.chisholm@sakilacustomer.org"
"Choate, Ramon","ramon.choate@sakilacustomer.org"
"Christenson, Nelson","nelson.christenson@sakilacustomer.org"
"Churchill, Fernando","fernando.churchill@sakilacustomer.org"
"Cintron, Austin","austin.cintron@sakilacustomer.org"
"Clark, Michelle","michelle.clark@sakilacustomer.org"
"Clary, Adrian","adrian.clary@sakilacustomer.org"
"Colby, Bernard","bernard.colby@sakilacustomer.org"
"Cole, Tracy","tracy.cole@sakilacustomer.org"
"Coleman, Kathryn","kathryn.coleman@sakilacustomer.org"
"Collazo, Tommy","tommy.collazo@sakilacustomer.org"
"Collins, Diane","diane.collins@sakilacustomer.org"
"Cook, Gloria","gloria.cook@sakilacustomer.org"
"Cooper, Joan","joan.cooper@sakilacustomer.org"
"Cornish, Allan","allan.cornish@sakilacustomer.org"
"Cornwell, Brett","brett.cornwell@sakilacustomer.org"
"Coughlin, Carlos","carlos.coughlin@sakilacustomer.org"
"Cox, Judith","judith.cox@sakilacustomer.org"
"Coy, Gary","gary.coy@sakilacustomer.org"
"Craig, Bobbie","bobbie.craig@sakilacustomer.org"
"Crawford, Esther","esther.crawford@sakilacustomer.org"
"Crawley, Maurice","maurice.crawley@sakilacustomer.org"
"Cromwell, Ivan","ivan.cromwell@sakilacustomer.org"
"Crouse, Albert","albert.crouse@sakilacustomer.org"
"Cruz, Kim","kim.cruz@sakilacustomer.org"
"Culp, Theodore","theodore.culp@sakilacustomer.org"
"Culpepper, Eugene","eugene.culpepper@sakilacustomer.org"
"Cunningham, Stacy","stacy.cunningham@sakilacustomer.org"
"Curley, Steven","steven.curley@sakilacustomer.org"
"Currier, Norman","norman.currier@sakilacustomer.org"
"Curtis, Leah","leah.curtis@sakilacustomer.org"
"Daniels, Danielle","danielle.daniels@sakilacustomer.org"
"Davidson, Patsy","patsy.davidson@sakilacustomer.org"
"Davis, Jennifer","jennifer.davis@sakilacustomer.org"
"Day, Courtney","courtney.day@sakilacustomer.org"
"Dean, Marcia","marcia.dean@sakilacustomer.org"
"Deloach, Alvin","alvin.deloach@sakilacustomer.org"
"Deluca, Ron","ron.deluca@sakilacustomer.org"
"Delvalle, Wade","wade.delvalle@sakilacustomer.org"
"Devore, Herman","herman.devore@sakilacustomer.org"
"Diaz, Emily","emily.diaz@sakilacustomer.org"
"Dixon, Amber","amber.dixon@sakilacustomer.org"
"Douglas, Marsha","marsha.douglas@sakilacustomer.org"
"Douglass, Sean","sean.douglass@sakilacustomer.org"
"Dowd, Lloyd","lloyd.dowd@sakilacustomer.org"
"Duggan, Freddie","freddie.duggan@sakilacustomer.org"
"Duncan, Samantha","samantha.duncan@sakilacustomer.org"
"Dunn, Erin","erin.dunn@sakilacustomer.org"
"East, Jeff","jeff.east@sakilacustomer.org"
"Easter, Ben","ben.easter@sakilacustomer.org"
"Ebert, Leo","leo.ebert@sakilacustomer.org"
"Edwards, Joyce","joyce.edwards@sakilacustomer.org"
"Eggleston, Jimmie","jimmie.eggleston@sakilacustomer.org"
"Ellington, Melvin","melvin.ellington@sakilacustomer.org"
"Elliott, Katie","katie.elliott@sakilacustomer.org"
"Ellis, Grace","grace.ellis@sakilacustomer.org"
"Elrod, Javier","javier.elrod@sakilacustomer.org"
"Ely, Jared","jared.ely@sakilacustomer.org"
"Emmons, Kurt","kurt.emmons@sakilacustomer.org"
"Estep, Travis","travis.estep@sakilacustomer.org"
"Evans, Ann","ann.evans@sakilacustomer.org"
"Farnsworth, John","john.farnsworth@sakilacustomer.org"
"Fennell, Alexander","alexander.fennell@sakilacustomer.org"
"Ferguson, Bertha","bertha.ferguson@sakilacustomer.org"
"Fernandez, Melinda","melinda.fernandez@sakilacustomer.org"
"Fields, Vicki","vicki.fields@sakilacustomer.org"
"Fisher, Cindy","cindy.fisher@sakilacustomer.org"
"Fleming, Myrtle","myrtle.fleming@sakilacustomer.org"
"Fletcher, Mae","mae.fletcher@sakilacustomer.org"
"Flores, Julia","julia.flores@sakilacustomer.org"
"Ford, Crystal","crystal.ford@sakilacustomer.org"
"Forman, Micheal","micheal.forman@sakilacustomer.org"
"Forsythe, Enrique","enrique.forsythe@sakilacustomer.org"
"Fortier, Raul","raul.fortier@sakilacustomer.org"
"Fortner, Howard","howard.fortner@sakilacustomer.org"
"Foster, Phyllis","phyllis.foster@sakilacustomer.org"
"Foust, Jack","jack.foust@sakilacustomer.org"
"Fowler, Jo","jo.fowler@sakilacustomer.org"
"Fox, Holly","holly.fox@sakilacustomer.org"
"Fraley, Juan","juan.fraley@sakilacustomer.org"
"Francisco, Joel","joel.francisco@sakilacustomer.org"
"Franklin, Beth","beth.franklin@sakilacustomer.org"
"Frazier, Glenda","glenda.frazier@sakilacustomer.org"
"Freeman, Shannon","shannon.freeman@sakilacustomer.org"
"Fuller, Claudia","claudia.fuller@sakilacustomer.org"
"Fultz, Gerald","gerald.fultz@sakilacustomer.org"
"Gaffney, Felix","felix.gaffney@sakilacustomer.org"
"Gaither, Randy","randy.gaither@sakilacustomer.org"
"Gamez, Clarence","clarence.gamez@sakilacustomer.org"
"Gandy, Floyd","floyd.gandy@sakilacustomer.org"
"Gannon, James","james.gannon@sakilacustomer.org"
"Garcia, Carol","carol.garcia@sakilacustomer.org"
"Gardiner, Dave","dave.gardiner@sakilacustomer.org"
"Gardner, Joann","joann.gardner@sakilacustomer.org"
"Garrett, Nellie","nellie.garrett@sakilacustomer.org"
"Garza, Pearl","pearl.garza@sakilacustomer.org"
"Gavin, Bill","bill.gavin@sakilacustomer.org"
"Geary, Ruben","ruben.geary@sakilacustomer.org"
"George, Joy","joy.george@sakilacustomer.org"
"Gibson, Victoria","victoria.gibson@sakilacustomer.org"
"Gilbert, Tanya","tanya.gilbert@sakilacustomer.org"
"Gillette, Dustin","dustin.gillette@sakilacustomer.org"
"Gilliland, Joe","joe.gilliland@sakilacustomer.org"
"Gilman, Dennis","dennis.gilman@sakilacustomer.org"
"Gomez, Josephine","josephine.gomez@sakilacustomer.org"
"Gonzales, Norma","norma.gonzales@sakilacustomer.org"
"Gonzalez, Martha","martha.gonzalez@sakilacustomer.org"
"Gooch, Adam","adam.gooch@sakilacustomer.org"
"Gooden, Kenneth","kenneth.gooden@sakilacustomer.org"
"Gordon, Leslie","leslie.gordon@sakilacustomer.org"
"Graf, Douglas","douglas.graf@sakilacustomer.org"
"Graham, Rita","rita.graham@sakilacustomer.org"
"Grant, Michele","michele.grant@sakilacustomer.org"
"Graves, Brandy","brandy.graves@sakilacustomer.org"
"Gray, Judy","judy.gray@sakilacustomer.org"
"Greco, Christopher","christopher.greco@sakilacustomer.org"
"Green, Virginia","virginia.green@sakilacustomer.org"
"Greene, Jeanette","jeanette.greene@sakilacustomer.org"
"Gregory, Sonia","sonia.gregory@sakilacustomer.org"
"Gresham, Alex","alex.gresham@sakilacustomer.org"
"Grey, Ross","ross.grey@sakilacustomer.org"
"Griffin, Lillian","lillian.griffin@sakilacustomer.org"
"Grigsby, Thomas","thomas.grigsby@sakilacustomer.org"
"Grissom, Terry","terry.grissom@sakilacustomer.org"
"Gruber, Armando","armando.gruber@sakilacustomer.org"
"Guajardo, Harvey","harvey.guajardo@sakilacustomer.org"
"Guillen, Erik","erik.guillen@sakilacustomer.org"
"Gunderson, Terrence","terrence.gunderson@sakilacustomer.org"
"Gutierrez, Carla","carla.gutierrez@sakilacustomer.org"
"Hale, Ramona","ramona.hale@sakilacustomer.org"
"Hall, Jessica","jessica.hall@sakilacustomer.org"
"Hamilton, Gladys","gladys.hamilton@sakilacustomer.org"
"Hannon, Seth","seth.hannon@sakilacustomer.org"
"Hansen, Delores","delores.hansen@sakilacustomer.org"
"Hanson, Viola","viola.hanson@sakilacustomer.org"
"Harder, Gabriel","gabriel.harder@sakilacustomer.org"
"Hardison, Bryan","bryan.hardison@sakilacustomer.org"
"Harkins, Brent","brent.harkins@sakilacustomer.org"
"Harper, Roberta","roberta.harper@sakilacustomer.org"
"Harris, Helen","helen.harris@sakilacustomer.org"
"Harrison, Wendy","wendy.harrison@sakilacustomer.org"
"Hart, Dana","dana.hart@sakilacustomer.org"
"Harvey, Arlene","arlene.harvey@sakilacustomer.org"
"Hauser, Corey","corey.hauser@sakilacustomer.org"
"Havens, Arnold","arnold.havens@sakilacustomer.org"
"Hawkins, Jill","jill.hawkins@sakilacustomer.org"
"Hawks, Lee","lee.hawks@sakilacustomer.org"
"Hayes, Robin","robin.hayes@sakilacustomer.org"
"Heaton, Shawn","shawn.heaton@sakilacustomer.org"
"Henderson, Andrea","andrea.henderson@sakilacustomer.org"
"Henning, Alberto","alberto.henning@sakilacustomer.org"
"Henry, Pauline","pauline.henry@sakilacustomer.org"
"Hernandez, Angela","angela.hernandez@sakilacustomer.org"
"Herrera, Nora","nora.herrera@sakilacustomer.org"
"Herrmann, Tracy","tracy.herrmann@sakilacustomer.org"
"Herzog, Claude","claude.herzog@sakilacustomer.org"
"Hiatt, Eduardo","eduardo.hiatt@sakilacustomer.org"
"Hicks, Monica","monica.hicks@sakilacustomer.org"
"Hidalgo, Marcus","marcus.hidalgo@sakilacustomer.org"
"Hill, Anna","anna.hill@sakilacustomer.org"
"Hite, Zachary","zachary.hite@sakilacustomer.org"
"Hoffman, Mattie","mattie.hoffman@sakilacustomer.org"
"Holland, Mabel","mabel.holland@sakilacustomer.org"
"Holm, Phillip","phillip.holm@sakilacustomer.org"
"Holmes, Lucille","lucille.holmes@sakilacustomer.org"
"Holt, Toni","toni.holt@sakilacustomer.org"
"Hopkins, Hilda","hilda.hopkins@sakilacustomer.org"
"Horton, Billie","billie.horton@sakilacustomer.org"
"Houle, Ray","ray.houle@sakilacustomer.org"
"Howard, Rose","rose.howard@sakilacustomer.org"
"Howell, Willie","willie.howell@sakilacustomer.org"
"Howland, Milton","milton.howland@sakilacustomer.org"
"Hudson, Lauren","lauren.hudson@sakilacustomer.org"
"Huey, Brandon","brandon.huey@sakilacustomer.org"
"Hughes, Bonnie","bonnie.hughes@sakilacustomer.org"
"Hunt, Eleanor","eleanor.hunt@sakilacustomer.org"
"Hunter, Charlotte","charlotte.hunter@sakilacustomer.org"
"Hurtado, Jeremy","jeremy.hurtado@sakilacustomer.org"
"Irby, Curtis","curtis.irby@sakilacustomer.org"
"Isbell, Frederick","frederick.isbell@sakilacustomer.org"
"Isom, Danny","danny.isom@sakilacustomer.org"
"Jackson, Karen","karen.jackson@sakilacustomer.org"
"Jacobs, Georgia","georgia.jacobs@sakilacustomer.org"
"James, Kathy","kathy.james@sakilacustomer.org"
"Jenkins, Louise","louise.jenkins@sakilacustomer.org"
"Jennings, Naomi","naomi.jennings@sakilacustomer.org"
"Jensen, Lena","lena.jensen@sakilacustomer.org"
"Jimenez, Olga","olga.jimenez@sakilacustomer.org"
"Johnson, Patricia","patricia.johnson@sakilacustomer.org"
"Johnston, Kristin","kristin.johnston@sakilacustomer.org"
"Jones, Barbara","barbara.jones@sakilacustomer.org"
"Jordan, Tiffany","tiffany.jordan@sakilacustomer.org"
"Jordon, Jerry","jerry.jordon@sakilacustomer.org"
"Joy, Joseph","joseph.joy@sakilacustomer.org"
"Jung, Christian","christian.jung@sakilacustomer.org"
"Kahn, Alan","alan.kahn@sakilacustomer.org"
"Kelley, Elsie","elsie.kelley@sakilacustomer.org"
"Kelly, Denise","denise.kelly@sakilacustomer.org"
"Kennedy, Rhonda","rhonda.kennedy@sakilacustomer.org"
"Kenyon, Jerome","jerome.kenyon@sakilacustomer.org"
"Kim, Lillie","lillie.kim@sakilacustomer.org"
"Kinder, Reginald","reginald.kinder@sakilacustomer.org"
"King, Melissa","melissa.king@sakilacustomer.org"
"Knight, Gail","gail.knight@sakilacustomer.org"
"Knott, Kelly","kelly.knott@sakilacustomer.org"
"Kowalski, Charles","charles.kowalski@sakilacustomer.org"
"Kraus, Lester","lester.kraus@sakilacustomer.org"
"Kruger, Herbert","herbert.kruger@sakilacustomer.org"
"Lambert, Misty","misty.lambert@sakilacustomer.org"
"Lance, Jacob","jacob.lance@sakilacustomer.org"
"Lane, Renee","renee.lane@sakilacustomer.org"
"Larson, Heidi","heidi.larson@sakilacustomer.org"
"Larue, Daryl","daryl.larue@sakilacustomer.org"
"Lawrence, Laurie","laurie.lawrence@sakilacustomer.org"
"Lawson, Jeanne","jeanne.lawson@sakilacustomer.org"
"Lawton, Lawrence","lawrence.lawton@sakilacustomer.org"
"Lee, Kimberly","kimberly.lee@sakilacustomer.org"
"Leone, Louis","louis.leone@sakilacustomer.org"
"Lewis, Sarah","sarah.lewis@sakilacustomer.org"
"Linton, George","george.linton@sakilacustomer.org"
"Little, Maureen","maureen.little@sakilacustomer.org"
"Lombardi, Dwight","dwight.lombardi@sakilacustomer.org"
"Long, Jacqueline","jacqueline.long@sakilacustomer.org"
"Lopez, Amy","amy.lopez@sakilacustomer.org"
"Lovelace, Barry","barry.lovelace@sakilacustomer.org"
"Lowe, Priscilla","priscilla.lowe@sakilacustomer.org"
"Lucas, Velma","velma.lucas@sakilacustomer.org"
"Lumpkin, Willard","willard.lumpkin@sakilacustomer.org"
"Lyman, Lewis","lewis.lyman@sakilacustomer.org"
"Lynch, Jackie","jackie.lynch@sakilacustomer.org"
"Mackenzie, Steve","steve.mackenzie@sakilacustomer.org"
"Madrigal, Ralph","ralph.madrigal@sakilacustomer.org"
"Mahan, Matthew","matthew.mahan@sakilacustomer.org"
"Mahon, Donald","donald.mahon@sakilacustomer.org"
"Malcolm, Clifton","clifton.malcolm@sakilacustomer.org"
"Mark, Joshua","joshua.mark@sakilacustomer.org"
"Markham, Willie","willie.markham@sakilacustomer.org"
"Marlow, Samuel","samuel.marlow@sakilacustomer.org"
"Marshall, Sherry","sherry.marshall@sakilacustomer.org"
"Martel, Calvin","calvin.martel@sakilacustomer.org"
"Martin, Sandra","sandra.martin@sakilacustomer.org"
"Martinez, Ruth","ruth.martinez@sakilacustomer.org"
"Martino, Harold","harold.martino@sakilacustomer.org"
"Mason, Juanita","juanita.mason@sakilacustomer.org"
"Matthews, Erica","erica.matthews@sakilacustomer.org"
"Mattox, Rick","rick.mattox@sakilacustomer.org"
"Mauldin, Gregory","gregory.mauldin@sakilacustomer.org"
"May, Gwendolyn","gwendolyn.may@sakilacustomer.org"
"Mcadams, Alfredo","alfredo.mcadams@sakilacustomer.org"
"Mcalister, Rene","rene.mcalister@sakilacustomer.org"
"Mccarter, Morris","morris.mccarter@sakilacustomer.org"
"Mccartney, Jesus","jesus.mccartney@sakilacustomer.org"
"Mccoy, Vera","vera.mccoy@sakilacustomer.org"
"Mccrary, Richard","richard.mccrary@sakilacustomer.org"
"Mccurdy, Brad","brad.mccurdy@sakilacustomer.org"
"Mcdonald, Edith","edith.mcdonald@sakilacustomer.org"
"Mcduffie, Sam","sam.mcduffie@sakilacustomer.org"
"Mckinney, Miriam","miriam.mckinney@sakilacustomer.org"
"Mcwhorter, Raymond","raymond.mcwhorter@sakilacustomer.org"
"Meador, Ricardo","ricardo.meador@sakilacustomer.org"
"Medina, Dora","dora.medina@sakilacustomer.org"
"Meehan, Cory","cory.meehan@sakilacustomer.org"
"Meek, Antonio","antonio.meek@sakilacustomer.org"
"Mena, Casey","casey.mena@sakilacustomer.org"
"Menard, Peter","peter.menard@sakilacustomer.org"
"Mendoza, Marian","marian.mendoza@sakilacustomer.org"
"Meyer, Natalie","natalie.meyer@sakilacustomer.org"
"Milam, Jessie","jessie.milam@sakilacustomer.org"
"Miles, Becky","becky.miles@sakilacustomer.org"
"Millard, Shane","shane.millard@sakilacustomer.org"
"Miller, Maria","maria.miller@sakilacustomer.org"
"Mills, Alicia","alicia.mills@sakilacustomer.org"
"Milner, Tom","tom.milner@sakilacustomer.org"
"Mitchell, Stephanie","stephanie.mitchell@sakilacustomer.org"
"Moeller, Rodney","rodney.moeller@sakilacustomer.org"
"Montgomery, Stacey","stacey.montgomery@sakilacustomer.org"
"Moore, Margaret","margaret.moore@sakilacustomer.org"
"Morales, Anita","anita.morales@sakilacustomer.org"
"Moreno, Stella","stella.moreno@sakilacustomer.org"
"Morgan, Evelyn","evelyn.morgan@sakilacustomer.org"
"Morrell, Craig","craig.morrell@sakilacustomer.org"
"Morris, Heather","heather.morris@sakilacustomer.org"
"Morrison, Bessie","bessie.morrison@sakilacustomer.org"
"Morrissey, Jason","jason.morrissey@sakilacustomer.org"
"Motley, Bradley","bradley.motley@sakilacustomer.org"
"Murphy, Cheryl","cheryl.murphy@sakilacustomer.org"
"Murray, Thelma","thelma.murray@sakilacustomer.org"
"Murrell, Manuel","manuel.murrell@sakilacustomer.org"
"Myers, Peggy","peggy.myers@sakilacustomer.org"
"Neal, Penny","penny.neal@sakilacustomer.org"
"Nelson, Debra","debra.nelson@sakilacustomer.org"
"Nettles, Jaime","jaime.nettles@sakilacustomer.org"
"Neumann, Randall","randall.neumann@sakilacustomer.org"
"Newsom, Patrick","patrick.newsom@sakilacustomer.org"
"Ngo, Justin","justin.ngo@sakilacustomer.org"
"Nguyen, Tamara","tamara.nguyen@sakilacustomer.org"
"Nichols, Suzanne","suzanne.nichols@sakilacustomer.org"
"Noe, Elmer","elmer.noe@sakilacustomer.org"
"Noland, Julio","julio.noland@sakilacustomer.org"
"Nolen, Cody","cody.nolen@sakilacustomer.org"
"Obrien, Leona","leona.obrien@sakilacustomer.org"
"Ocampo, Marion","marion.ocampo@sakilacustomer.org"
"Oglesby, Isaac","isaac.oglesby@sakilacustomer.org"
"Olivares, Jorge","jorge.olivares@sakilacustomer.org"
"Oliver, Ella","ella.oliver@sakilacustomer.org"
"Olson, Annette","annette.olson@sakilacustomer.org"
"Olvera, Dwayne","dwayne.olvera@sakilacustomer.org"
"Ortiz, Sylvia","sylvia.ortiz@sakilacustomer.org"
"Outlaw, Marc","marc.outlaw@sakilacustomer.org"
"Owens, Carmen","carmen.owens@sakilacustomer.org"
"Paine, Dan","dan.paine@sakilacustomer.org"
"Palmer, Megan","megan.palmer@sakilacustomer.org"
"Parker, Frances","frances.parker@sakilacustomer.org"
"Patterson, Wanda","wanda.patterson@sakilacustomer.org"
"Payne, Lynn","lynn.payne@sakilacustomer.org"
"Pearson, Irma","irma.pearson@sakilacustomer.org"
"Pemberton, Lance","lance.pemberton@sakilacustomer.org"
"Pena, Erika","erika.pena@sakilacustomer.org"
"Perez, Carolyn","carolyn.perez@sakilacustomer.org"
"Perkins, Geraldine","geraldine.perkins@sakilacustomer.org"
"Perry, Sara","sara.perry@sakilacustomer.org"
"Perryman, Walter","walter.perryman@sakilacustomer.org"
"Peters, Sue","sue.peters@sakilacustomer.org"
"Peterson, Nicole","nicole.peterson@sakilacustomer.org"
"Pfeiffer, Bob","bob.pfeiffer@sakilacustomer.org"
"Phillips, Janet","janet.phillips@sakilacustomer.org"
"Pierce, Sally","sally.pierce@sakilacustomer.org"
"Pinson, Jeffery","jeffery.pinson@sakilacustomer.org"
"Pitt, Max","max.pitt@sakilacustomer.org"
"Poindexter, Hector","hector.poindexter@sakilacustomer.org"
"Porter, Carrie","carrie.porter@sakilacustomer.org"
"Poulin, Billy","billy.poulin@sakilacustomer.org"
"Powell, Anne","anne.powell@sakilacustomer.org"
"Power, Darrell","darrell.power@sakilacustomer.org"
"Prewitt, Ken","ken.prewitt@sakilacustomer.org"
"Price, Irene","irene.price@sakilacustomer.org"
"Pullen, Glenn","glenn.pullen@sakilacustomer.org"
"Purdy, Andrew","andrew.purdy@sakilacustomer.org"
"Qualls, Stephen","stephen.qualls@sakilacustomer.org"
"Quigley, Troy","troy.quigley@sakilacustomer.org"
"Quintanilla, Roger","roger.quintanilla@sakilacustomer.org"
"Ralston, Vincent","vincent.ralston@sakilacustomer.org"
"Ramirez, Christina","christina.ramirez@sakilacustomer.org"
"Ramos, Eva","eva.ramos@sakilacustomer.org"
"Rapp, Andre","andre.rapp@sakilacustomer.org"
"Ratcliff, Dale","dale.ratcliff@sakilacustomer.org"
"Ray, Audrey","audrey.ray@sakilacustomer.org"
"Rea, Jim","jim.rea@sakilacustomer.org"
"Reed, Doris","doris.reed@sakilacustomer.org"
"Reid, Constance","constance.reid@sakilacustomer.org"
"Renner, Neil","neil.renner@sakilacustomer.org"
"Reyes, Debbie","debbie.reyes@sakilacustomer.org"
"Reynolds, Rosa","rosa.reynolds@sakilacustomer.org"
"Rhoads, Edgar","edgar.rhoads@sakilacustomer.org"
"Rhodes, Sherri","sherri.rhodes@sakilacustomer.org"
"Rice, Jamie","jamie.rice@sakilacustomer.org"
"Richards, Wilma","wilma.richards@sakilacustomer.org"
"Richardson, Ashley","ashley.richardson@sakilacustomer.org"
"Ricketts, Ronnie","ronnie.ricketts@sakilacustomer.org"
"Rico, Keith","keith.rico@sakilacustomer.org"
"Riley, Brittany","brittany.riley@sakilacustomer.org"
"Rinehart, Mark","mark.rinehart@sakilacustomer.org"
"Rivera, Katherine","katherine.rivera@sakilacustomer.org"
"Robb, Jay","jay.robb@sakilacustomer.org"
"Robert, Eric","eric.robert@sakilacustomer.org"
"Roberts, Christine","christine.roberts@sakilacustomer.org"
"Robertson, Joanne","joanne.robertson@sakilacustomer.org"
"Robins, Greg","greg.robins@sakilacustomer.org"
"Robinson, Sharon","sharon.robinson@sakilacustomer.org"
"Rodriguez, Laura","laura.rodriguez@sakilacustomer.org"
"Rodriquez, Violet","violet.rodriquez@sakilacustomer.org"
"Rogers, Teresa","teresa.rogers@sakilacustomer.org"
"Romero, Minnie","minnie.romero@sakilacustomer.org"
"Rose, Darlene","darlene.rose@sakilacustomer.org"
"Ross, Marilyn","marilyn.ross@sakilacustomer.org"
"Roush, Terrance","terrance.roush@sakilacustomer.org"
"Royal, David","david.royal@sakilacustomer.org"
"Ruiz, Vivian","vivian.ruiz@sakilacustomer.org"
"Runyon, Nathan","nathan.runyon@sakilacustomer.org"
"Russell, Annie","annie.russell@sakilacustomer.org"
"Ryan, Tara","tara.ryan@sakilacustomer.org"
"Salisbury, Ryan","ryan.salisbury@sakilacustomer.org"
"Sanborn, Gene","gene.sanborn@sakilacustomer.org"
"Sanchez, Julie","julie.sanchez@sakilacustomer.org"
"Sanders, Tammy","tammy.sanders@sakilacustomer.org"
"Satterfield, William","william.satterfield@sakilacustomer.org"
"Sauer, Dean","dean.sauer@sakilacustomer.org"
"Scarborough, Jonathan","jonathan.scarborough@sakilacustomer.org"
"Schilling, Jesse","jesse.schilling@sakilacustomer.org"
"Schmidt, Rosemary","rosemary.schmidt@sakilacustomer.org"
"Schofield, Leonard","leonard.schofield@sakilacustomer.org"
"Schrader, Jimmy","jimmy.schrader@sakilacustomer.org"
"Schuler, Kevin","kevin.schuler@sakilacustomer.org"
"Schwab, Anthony","anthony.schwab@sakilacustomer.org"
"Schwarz, Bruce","bruce.schwarz@sakilacustomer.org"
"Scott, Rebecca","rebecca.scott@sakilacustomer.org"
"Scroggins, Stanley","stanley.scroggins@sakilacustomer.org"
"Seal, Karl","karl.seal@sakilacustomer.org"
"Selby, Aaron","aaron.selby@sakilacustomer.org"
"Seward, Leslie","leslie.seward@sakilacustomer.org"
"Shanks, Earl","earl.shanks@sakilacustomer.org"
"Shaw, Clara","clara.shaw@sakilacustomer.org"
"Shelby, Ricky","ricky.shelby@sakilacustomer.org"
"Shelley, Scott","scott.shelley@sakilacustomer.org"
"Shelton, Dianne","dianne.shelton@sakilacustomer.org"
"Sherrod, Warren","warren.sherrod@sakilacustomer.org"
"Sikes, Francis","francis.sikes@sakilacustomer.org"
"Silva, Maxine","maxine.silva@sakilacustomer.org"
"Silverman, Michael","michael.silverman@sakilacustomer.org"
"Simmons, Tina","tina.simmons@sakilacustomer.org"
"Simpkins, Arthur","arthur.simpkins@sakilacustomer.org"
"Simpson, Ellen","ellen.simpson@sakilacustomer.org"
"Sims, Vanessa","vanessa.sims@sakilacustomer.org"
"Skidmore, Francisco","francisco.skidmore@sakilacustomer.org"
"Sledge, Gilbert","gilbert.sledge@sakilacustomer.org"
"Slone, Wallace","wallace.slone@sakilacustomer.org"
"Smith, Mary","mary.smith@sakilacustomer.org"
"Snyder, Marion","marion.snyder@sakilacustomer.org"
"Soto, Nina","nina.soto@sakilacustomer.org"
"South, Roland","roland.south@sakilacustomer.org"
"Spear, Jeffrey","jeffrey.spear@sakilacustomer.org"
"Spencer, Cathy","cathy.spencer@sakilacustomer.org"
"Spurlock, Kyle","kyle.spurlock@sakilacustomer.org"
"Stanfield, Sergio","sergio.stanfield@sakilacustomer.org"
"Stanley, Allison","allison.stanley@sakilacustomer.org"
"Stclair, Kirk","kirk.stclair@sakilacustomer.org"
"Stephens, Lorraine","lorraine.stephens@sakilacustomer.org"
"Stepp, Ernest","ernest.stepp@sakilacustomer.org"
"Stevens, Elaine","elaine.stevens@sakilacustomer.org"
"Stewart, Alice","alice.stewart@sakilacustomer.org"
"Still, Ian","ian.still@sakilacustomer.org"
"Stone, Veronica","veronica.stone@sakilacustomer.org"
"Sullivan, Dawn","dawn.sullivan@sakilacustomer.org"
"Sutton, Felicia","felicia.sutton@sakilacustomer.org"
"Swafford, Perry","perry.swafford@sakilacustomer.org"
"Talbert, Glen","glen.talbert@sakilacustomer.org"
"Tan, Todd","todd.tan@sakilacustomer.org"
"Taylor, Dorothy","dorothy.taylor@sakilacustomer.org"
"Teel, Salvador","salvador.teel@sakilacustomer.org"
"Terry, Jennie","jennie.terry@sakilacustomer.org"
"Thomas, Nancy","nancy.thomas@sakilacustomer.org"
"Thompson, Donna","donna.thompson@sakilacustomer.org"
"Thorn, Marshall","marshall.thorn@sakilacustomer.org"
"Thrasher, Larry","larry.thrasher@sakilacustomer.org"
"Tirado, Lonnie","lonnie.tirado@sakilacustomer.org"
"Tobias, Clyde","clyde.tobias@sakilacustomer.org"
"Tomlin, Eddie","eddie.tomlin@sakilacustomer.org"
"Torres, Kelly","kelly.torres@sakilacustomer.org"
"Trout, Paul","paul.trout@sakilacustomer.org"
"Troutman, Franklin","franklin.troutman@sakilacustomer.org"
"Truong, Wayne","wayne.truong@sakilacustomer.org"
"Tubbs, Duane","duane.tubbs@sakilacustomer.org"
"Tucker, Marjorie","marjorie.tucker@sakilacustomer.org"
"Turner, Marie","marie.turner@sakilacustomer.org"
"Turpin, Johnny","johnny.turpin@sakilacustomer.org"
"Vanhorn, Andy","andy.vanhorn@sakilacustomer.org"
"Vargas, Christy","christy.vargas@sakilacustomer.org"
"Varney, Benjamin","benjamin.varney@sakilacustomer.org"
"Vasquez, Terri","terri.vasquez@sakilacustomer.org"
"Vest, Julian","julian.vest@sakilacustomer.org"
"Vines, Cecil","cecil.vines@sakilacustomer.org"
"Vu, Roberto","roberto.vu@sakilacustomer.org"
"Wade, Margie","margie.wade@sakilacustomer.org"
"Waggoner, Frank","frank.waggoner@sakilacustomer.org"
"Wagner, Dolores","dolores.wagner@sakilacustomer.org"
"Waldrop, Hugh","hugh.waldrop@sakilacustomer.org"
"Walker, Deborah","deborah.walker@sakilacustomer.org"
"Wallace, Connie","connie.wallace@sakilacustomer.org"
"Walters, Cassandra","cassandra.walters@sakilacustomer.org"
"Ward, Janice","janice.ward@sakilacustomer.org"
"Warren, Hazel","hazel.warren@sakilacustomer.org"
"Washington, Ruby","ruby.washington@sakilacustomer.org"
"Watkins, Yvonne","yvonne.watkins@sakilacustomer.org"
"Watson, Theresa","theresa.watson@sakilacustomer.org"
"Watts, Shelly","shelly.watts@sakilacustomer.org"
"Waugh, Jamie","jamie.waugh@sakilacustomer.org"
"Way, Mike","mike.way@sakilacustomer.org"
"Weaver, Yolanda","yolanda.weaver@sakilacustomer.org"
"Webb, Ethel","ethel.webb@sakilacustomer.org"
"Weiner, Ronald","ronald.weiner@sakilacustomer.org"
"Welch, Marlene","marlene.welch@sakilacustomer.org"
"Wells, Sheila","sheila.wells@sakilacustomer.org"
"West, Edna","edna.west@sakilacustomer.org"
"Westmoreland, Mitchell","mitchell.westmoreland@sakilacustomer.org"
"Wheat, Fred","fred.wheat@sakilacustomer.org"
"Wheeler, Lucy","lucy.wheeler@sakilacustomer.org"
"White, Betty","betty.white@sakilacustomer.org"
"Whiting, Roy","roy.whiting@sakilacustomer.org"
"Wiles, Jon","jon.wiles@sakilacustomer.org"
"Williams, Linda","linda.williams@sakilacustomer.org"
"Williamson, Gina","gina.williamson@sakilacustomer.org"
"Willis, Bernice","bernice.willis@sakilacustomer.org"
"Wilson, Susan","susan.wilson@sakilacustomer.org"
"Windham, Darren","darren.windham@sakilacustomer.org"
"Wofford, Virgil","virgil.wofford@sakilacustomer.org"
"Wood, Lori","lori.wood@sakilacustomer.org"
"Woods, Florence","florence.woods@sakilacustomer.org"
"Wren, Tyler","tyler.wren@sakilacustomer.org"
"Wright, Brenda","brenda.wright@sakilacustomer.org"
"Wyman, Brian","brian.wyman@sakilacustomer.org"
"Yanez, Luis","luis.yanez@sakilacustomer.org"
"Yee, Marvin","marvin.yee@sakilacustomer.org"
"Young, Cynthia","cynthia.young@sakilacustomer.org"
